{
  "interf": {
    "precision": 0.9987591240875913,
    "recall": 0.9989049496276828,
    "f1-score": 0.9988320315351485,
    "support": 13698.0
  },
  "normal": {
    "precision": 0.998570611778159,
    "recall": 0.9983803353658537,
    "f1-score": 0.998475464506908,
    "support": 10496.0
  },
  "accuracy": 0.9986773580226502,
  "macro avg": {
    "precision": 0.9986648679328751,
    "recall": 0.9986426424967683,
    "f1-score": 0.9986537480210282,
    "support": 24194.0
  },
  "weighted avg": {
    "precision": 0.9986773424392569,
    "recall": 0.9986773580226502,
    "f1-score": 0.9986773432848216,
    "support": 24194.0
  }
}