{
  "interf": {
    "precision": 0.9995618838992333,
    "recall": 0.9993429697766097,
    "f1-score": 0.9994524148505093,
    "support": 13698.0
  },
  "normal": {
    "precision": 0.9991427755024288,
    "recall": 0.9994283536585366,
    "f1-score": 0.9992855441771851,
    "support": 10496.0
  },
  "accuracy": 0.9993800115731173,
  "macro avg": {
    "precision": 0.9993523297008311,
    "recall": 0.9993856617175731,
    "f1-score": 0.9993689795138472,
    "support": 24194.0
  },
  "weighted avg": {
    "precision": 0.9993800635415884,
    "recall": 0.9993800115731173,
    "f1-score": 0.999380021918906,
    "support": 24194.0
  }
}