{
  "interf": {
    "precision": 0.9949494949494949,
    "recall": 0.9779529858373485,
    "f1-score": 0.9863780281275311,
    "support": 13698.0
  },
  "normal": {
    "precision": 0.9718546132339235,
    "recall": 0.9935213414634146,
    "f1-score": 0.982568548007161,
    "support": 10496.0
  },
  "accuracy": 0.9847069521368934,
  "macro avg": {
    "precision": 0.9834020540917092,
    "recall": 0.9857371636503816,
    "f1-score": 0.984473288067346,
    "support": 24194.0
  },
  "weighted avg": {
    "precision": 0.9849303216632819,
    "recall": 0.9847069521368934,
    "f1-score": 0.9847253744388726,
    "support": 24194.0
  }
}